{
  "CHANGELOG": "0c6caf1533743307138bee66fec53fa9",
  "Gemfile": "2d26fe574b30a8b81e64ee2d8446568c",
  "LICENSE": "5fc4dacd9f6ebaf73a29702b56760305",
  "README.md": "df55cbd3dcb1f011ec9add3886faf97f",
  "Rakefile": "fa51dc348c2a6365c7d07cc542d28c93",
  "lib/puppet/provider/sysctl/darwin.rb": "78e050af31aa8eefdca19d62c4fb4a3b",
  "lib/puppet/provider/sysctl/linux.rb": "d1933ff7544602606377ed7d1213cfc6",
  "lib/puppet/type/sysctl.rb": "fd37645dfab3c7e75062369f7fcc1d2f",
  "manifests/init.pp": "0624c0b995a13858b0b6f0179d9e316f",
  "metadata.json": "27c46387bafaea44dfe96a4a336a761e",
  "spec/acceptance/class_spec.rb": "d0068d02b9154a0f7bbf8265d1ce6b7e",
  "spec/acceptance/nodesets/centos-59-x64.yml": "57eb3e471b9042a8ea40978c467f8151",
  "spec/acceptance/nodesets/centos-64-x64-pe.yml": "ec075d95760df3d4702abea1ce0a829b",
  "spec/acceptance/nodesets/centos-64-x64.yml": "9cde7b5d2ab6a42366d2344c264d6bdc",
  "spec/acceptance/nodesets/centos-65-x64.yml": "3e5c36e6aa5a690229e720f4048bb8af",
  "spec/acceptance/nodesets/debian-607-x64.yml": "9a581f27e41cbca05b0b4d21a700d0a3",
  "spec/acceptance/nodesets/debian-70rc1-x64.yml": "31ccca73af7b74e1cc2fb0035c230b2c",
  "spec/acceptance/nodesets/debian-73-x64.yml": "bd3ea8245ce691c2b234529d62d043eb",
  "spec/acceptance/nodesets/default.yml": "9cde7b5d2ab6a42366d2344c264d6bdc",
  "spec/acceptance/nodesets/fedora-18-x64.yml": "acc126fa764c39a3b1df36e9224a21d9",
  "spec/acceptance/nodesets/osx-1010-x64.yml": "9e064ff264d1430ae105dc6d850cdb6d",
  "spec/acceptance/nodesets/ubuntu-server-10044-x64.yml": "75e86400b7889888dc0781c0ae1a1297",
  "spec/acceptance/nodesets/ubuntu-server-12042-x64.yml": "d30d73e34cd50b043c7d14e305955269",
  "spec/acceptance/nodesets/ubuntu-server-1404-x64.yml": "5f0aed10098ac5b78e4217bb27c7aaf0",
  "spec/spec_helper.rb": "50855d1809f00c77ccd93b093c5ef5fb",
  "spec/spec_helper_acceptance.rb": "529561f60476a72e450d4be427b77114",
  "spec/unit/provider/sysctl/linux_spec.rb": "25493f3af1c3f26aeb5f2f055aab5f84",
  "spec/unit/type/sysctl_spec.rb": "3cdf1136df66821e75e2fafb9424bc4f"
}