{
  "Gemfile": "a8b077ddeb33c19277f272d9bf9d3151",
  "Gemfile.lock": "d6a35a0e7f1e9fa546d9e01d06363c71",
  "LICENSE": "c09f1ff12ffc19bb5aa3ca918d6496c7",
  "Puppetfile.lock": "5a77b85e530c4b42b37fadbe6789f1e8",
  "README.markdown": "264d8d2d206934390fb42fcafdf3ae14",
  "Rakefile": "78ea614b4262234dc92489017f039d27",
  "lib/facter/rvm_installed.rb": "17880333546300f31ee0b924dc0e7135",
  "lib/facter/rvm_version.rb": "83ce2d25f399adbcbc04c9f441066c8b",
  "lib/puppet/provider/rvm_alias/alias.rb": "7f422f68856ffa399a7d564fc7cdc62e",
  "lib/puppet/provider/rvm_gem/gem.rb": "c2d8e583224acdb26560a90d6c56fd5c",
  "lib/puppet/provider/rvm_gemset/gemset.rb": "a7636d1c484444c64c1aad1be2c2d30a",
  "lib/puppet/provider/rvm_system_ruby/rvm_system_ruby.rb": "1cd383745b30dacb637f156c924bb961",
  "lib/puppet/provider/rvm_wrapper/wrapper.rb": "238ba3f4d28a019952a99bbdde35f675",
  "lib/puppet/type/rvm_alias.rb": "33c703a7c346235f0dba87de1a43a859",
  "lib/puppet/type/rvm_gem.rb": "12454b731120e995452d9402d1d7d9d3",
  "lib/puppet/type/rvm_gemset.rb": "9f7d37bc51c2b75a288ea4edca5f57a8",
  "lib/puppet/type/rvm_system_ruby.rb": "4161ea449b25c63a085f63399b7c2415",
  "lib/puppet/type/rvm_wrapper.rb": "4e85d8d1c7bae4a7549e7f0edbcbc4df",
  "manifests/dependencies/centos.pp": "4128b515beeb93a6ab5905452e467d83",
  "manifests/dependencies/oraclelinux.pp": "3f60f61da00a2e41109058fe70ed7536",
  "manifests/dependencies/ubuntu.pp": "c18938a26d927f3c4f3a64bddd3b1948",
  "manifests/dependencies.pp": "421d1b11cb1395ee0d2f3763e75d8c72",
  "manifests/gnupg_key.pp": "62b190beebda0b14e78d031c6622e4fc",
  "manifests/gpg.pp": "eb3ed96b79c9b95a3f56a3f59ed106da",
  "manifests/group.pp": "285626ffd33373de2fec6ebc66d6c71d",
  "manifests/init.pp": "8af3586436f9c70bb8296c452c3674e9",
  "manifests/params.pp": "cd383eebc57525ec9422ebb64b5dc48d",
  "manifests/passenger/apache.pp": "2df4eb774a759493c54cd15ad54a21fd",
  "manifests/passenger/dependencies/centos.pp": "11c1f59ccdc4cead38a9fa550bb03812",
  "manifests/passenger/dependencies/oraclelinux.pp": "388ca20676c972d2a85790374adae45f",
  "manifests/passenger/dependencies/ubuntu.pp": "1a61e3cb072c82f68d8ff604f1e59e47",
  "manifests/passenger/dependencies.pp": "e819338156ed5965ebdbc76f6b698a75",
  "manifests/passenger/gem.pp": "80587f1bc2beab8b91f3b54932e60e7c",
  "manifests/rvmrc.pp": "96bc8d0edd1cfdb69a5a7e154ae66573",
  "manifests/system.pp": "5921861bf58f6c53d8284a0d288a1709",
  "manifests/system_user.pp": "145def8820dd6c823f838910434ab54e",
  "metadata.json": "aabe6db6554a0609a3b6541f76d7e1e8",
  "spec/acceptance/nodesets/centos-65-x64-docker.yml": "9674bdbae4ed3135a8567b5f7a3105ff",
  "spec/acceptance/nodesets/centos-65-x64.yml": "93493768080a4d0f2d04ef7d75b717a5",
  "spec/acceptance/nodesets/debian-7-x64-docker.yml": "3b89e3555ba378b350ff898de2bed74a",
  "spec/acceptance/nodesets/debian-7-x64.yml": "49a054626b92ba240aa09c2fac824a73",
  "spec/acceptance/nodesets/debian-73-x64.yml": "d93ed0079254ebb6a603d829acea77ef",
  "spec/acceptance/nodesets/default.yml": "9674bdbae4ed3135a8567b5f7a3105ff",
  "spec/acceptance/nodesets/ubuntu-server-1404-x64-docker.yml": "452fa39e36c94494eee5a4a602a918f5",
  "spec/acceptance/nodesets/ubuntu-server-1404-x64.yml": "ec5f2ace9479ea9c625ef8764b6c2557",
  "spec/acceptance/rvm_system_spec.rb": "2aee82eb49bd0117b9ace79ce0de4a17",
  "spec/classes/dependencies_spec.rb": "d40ac9bd6ce9b4bf96d8fc2ce5740b6c",
  "spec/classes/gnupg_key_spec.rb": "f8ac907a4829208a07dffb17082724d5",
  "spec/classes/gpg_spec.rb": "d8ed63bf7c3d833dc299e8137a25a5b2",
  "spec/classes/init_spec.rb": "60a932fc8bd097227f03a591bb933157",
  "spec/classes/rvmrc_spec.rb": "8a89f89ca9b7b9ec1d5c9bc2868be646",
  "spec/classes/system_spec.rb": "571417ace6bd69cc3ef81a1ee1b2b268",
  "spec/defines/rvm_alias_spec.rb": "83c263ca60fd32aec9fbccc8f3679e83",
  "spec/defines/rvm_gem_spec.rb": "c26c78f19676b8a03e96bd30625ab2fb",
  "spec/defines/rvm_gemset_spec.rb": "ae6518149a7100a1f35a80a919b1f55f",
  "spec/defines/rvm_system_ruby_spec.rb": "328be8c8810d2a9acf8b8f4799cefc33",
  "spec/defines/rvm_wrapper_spec.rb": "a37c75e48716ce92e2ad5381c821397f",
  "spec/defines/system_user_spec.rb": "ad388253a17f0eba6bb906ca6d3f1715",
  "spec/fixtures/hiera.yaml": "37ca9bf76ec6d6a251fdcc6c559a3619",
  "spec/spec_helper.rb": "3ce7855a3a830837a3c338b33cf38baa",
  "spec/spec_helper_acceptance.rb": "2899ac6512eea19a0b09fe68c123ac1f",
  "templates/rvmrc.erb": "3e6e47c115ed6136278c476b090bcada",
  "tests/init.pp": "7096c96ab9b56ee1dab6e2b5754e770a"
}