{
  "name": "example42-puppi",
  "version": "2.1.13",
  "summary": "Installs and configures Puppi",
  "author": "Alessandro Franceschi",
  "description": "This module provides the Puppi libraries required by Example42 modules and, if explicitely included, the puppi command, its working environment, the defines and procedures to deploy applications",
  "dependencies": [

  ],
  "types": [

  ],
  "checksums": {
  },
  "source": "https://github.com/example42/puppi",
  "project_page": "https://github.com/example42/puppi",
  "license": "Apache2"
}
