{
  "name": "saz-resolv_conf",
  "version": "3.1.0",
  "author": "saz",
  "summary": "UNKNOWN",
  "license": "Apache-2.0",
  "source": "https://github.com/saz/puppet-resolv_conf.git",
  "project_page": "https://github.com/saz/puppet-resolv_conf",
  "issues_url": "https://github.com/saz/puppet-resolv_conf/issues",
  "operatingsystem_support": [
    {
      "operatingsystem": "RedHat"
    },
    {
      "operatingsystem": "CentOS"
    },
    {
      "operatingsystem": "OracleLinux"
    },
    {
      "operatingsystem": "Scientific"
    },
    {
      "operatingsystem": "Suse"
    },
    {
      "operatingsystem": "Debian"
    },
    {
      "operatingsystem": "Ubuntu"
    },
    {
      "operatingsystem": "FreeBSD"
    },
    {
      "operatingsystem": "OpenBSD"
    },
    {
      "operatingsystem": "Gentoo"
    },
    {
      "operatingsystem": "ArchLinux"
    }
  ],
  "requirements": [
    {
      "name": "pe",
      "version_requirement": ">=3.2.0 < 3.4.0"
    },
    {
      "name": "puppet",
      "version_requirement": "3.x"
    }
  ],
  "description": "Manage resolv.conf via Puppet",
  "dependencies": [
    {
      "name": "puppetlabs/stdlib",
      "version_requirement": ">= 3.2.0"
    }
  ]
}
