{
  "name": "maestrodev-wget",
  "version": "1.7.3",
  "source": "https://github.com/maestrodev/puppet-wget.git",
  "author": "maestrodev",
  "license": "Apache-2.0",
  "summary": "Download files with wget",
  "description": "A module for wget that allows downloading of files, supporting authentication",
  "project_page": "https://github.com/maestrodev/puppet-wget",
  "dependencies": [

  ],
  "requirements": [
    {
      "name": "pe",
      "version_requirement": ">=3.2.0"
    },
    {
      "name": "puppet",
      "version_requirement": ">=2.7.17"
    }
  ],
  "operatingsystem_support": [
    {
      "operatingsystem": "RedHat",
      "operatingsystemrelease": [
        "4",
        "5",
        "6",
        "7"
      ]
    },
    {
      "operatingsystem": "CentOS",
      "operatingsystemrelease": [
        "4",
        "5",
        "6",
        "7"
      ]
    },
    {
      "operatingsystem": "OracleLinux",
      "operatingsystemrelease": [
        "4",
        "5",
        "6",
        "7"
      ]
    },
    {
      "operatingsystem": "Scientific",
      "operatingsystemrelease": [
        "4",
        "5",
        "6",
        "7"
      ]
    },
    {
      "operatingsystem": "SLES",
      "operatingsystemrelease": [
        "11 SP1"
      ]
    },
    {
      "operatingsystem": "Debian",
      "operatingsystemrelease": [
        "6",
        "7"
      ]
    },
    {
      "operatingsystem": "Ubuntu",
      "operatingsystemrelease": [
        "10.04",
        "12.04"
      ]
    },
    {
      "operatingsystem": "Solaris",
      "operatingsystemrelease": [
        "10",
        "11"
      ]
    },
    {
      "operatingsystem": "Windows",
      "operatingsystemrelease": [
        "Server 2003",
        "Server 2003 R2",
        "Server 2008",
        "Server 2008 R2",
        "Server 2012",
        "Server 2012 R2",
        "7",
        "8"
      ]
    },
    {
      "operatingsystem": "AIX",
      "operatingsystemrelease": [
        "5.3",
        "6.1",
        "7.1"
      ]
    },
    {
      "operatingsystem": "Darwin",
      "operatingsystemrelease": [
        "10",
        "11",
        "12",
        "13"
      ]
    }
  ]
}
